index,대화0,대화1,대화2,대화3,대화4,대화5,대화6,대화7,대화8,대화9
1,..안녕,..또 왔네 안녕,또 왔구나 ..반갑네,왔구나 안녕 ..반가워,안녕 오늘도 반가워,안녕 오늘도 반가운 날이야,어서 와. 오늘도 안녕,안녕 천천히 쉬다 가렴,오늘은 언제 오나 했어. 어서 와,어제도 오늘도 내일도.. 언제나 찾아오는구나. 정말 고마워
2,(별다른 관심이 없어 보인다.),그냥 앉아 있어.. 그게 다야,난 그냥 앉아 있어.. 그게 다야,먹고 싶은 거 마음대로 안 먹은 지 오래되었어,"영화의 제목처럼 세상에는 좋은 사람과 나쁜 사람, 그리고 이상한 사람이 공존하는 거 같아",Z어딘가로 여행을 떠난다면 어디로 가는 것이 좋을까|산|어릴 때 산에서 벌레에 물린 기억이 나|바다|바다에 가보고 싶어.. 안 가본 지 오래되었거든,오늘은 뭐 하고 지낼까 생각 중이야,오늘은 뭘 하면서 하루를 보낼지 흠..,어제도 오고 오늘도 오는구나 넌,너랑 함께 지낸 지 얼마나 된 건지.. 자주 보내는 시간이 많아
3,나에게 할 말이라도 있니..,다리에 쥐가 나서 못 움직이겠어,등이 가려운데 손이 잘 안 닿아,밖으로 나간다면 ..아니다,밖으로 나간다면 여기저기 둘러보고 싶어 ..여행도 좋고,식사는 보통 혼자 하는 편이지.. 곁에 누군가 있지 않다면,이제 밖으로 나갈 수 있게 되어서 좋기도 하지만 두렵기도 해,Z달콤한 간식을 좋아하니?|응|나는 사탕이랑 초콜릿 둘 다 달콤해서 좋아|아니|단 거 말고 뭐가 있을까. 신 것도 있고 쓴 것도 있고,아무리 생각해도 넌 정말 이상한 사람이야,처음 봤을 때 넌 이상했어. 솔직히 나랑 계속 대화할 줄 몰랐거든
4,음.. 어..,등이 가려운데 손이 잘 안 닿아,지금 내가 잘살고 있는 건지 모르겠어 확신이 없거든,따뜻한 차를 마시며 쉬고 싶어,산에 올라간다면 있는 힘껏 소리를 지를 거야. 아주 힘차게,산에 올라가서 시원한 바람을 느끼고 싶어,언젠가 빛나고 화려한 삶까지는 아니더라도 나에게 작은 행복을 가져다주는 삶을 살고 싶어,표현은 서툴지만 조금씩 연습해서 표현한다면 언젠가 잘 표현하는 날이 오겠지?,말을 너무 많이 하면 목이 말라,추억은 점점 잊혀 가는 데 너와 함께한 추억은 잊고 싶지 않아
5,그렇구나..,..머리가 무거워 어지러운 것 같기도..,뭘 하려고 그랬지 기억이 안 나,간지러워서 밑을 봤는데 작은 벌레가 기어가고 있었어.,아플 때 혼자라면 어쩔 수 없지만 누군가가 나를 걱정해 주면 좋을 거 같아,아플 때 혼자 있으니까 더 아픈 느낌이었어 ..지금은 좀 나은 거 같기도,삶이라는 게 뭔지 정의되어 있지 않아. 마치 새하얀 도화지처럼,예전에는 정말 아무것도 하기 싫었는데 요즘은 그런 생각을 안 한 지 오래된 거 같아,Z계절이 바뀐다는 것은 정말 신기해|맞아|사계절이 있다는 것은 좋은 거야. 여러 가지 풍경을 볼 수 있거든|글쎄 |한 계절만 좋아 할 수도 변하는 것을 좋아하지 않을 수도 있지,좋은 추억을 만들어준 너에게 감사하다고 말하고 싶어 ..이미 말하고 있네
6,왜? 보고 있어?,지금 내가 잘살고 있는 건지 모르겠어,거북이는 어떤 소리를 내며 우는 걸까,독서를 하면서 그 세상에 빠져있어서 집중해,온종일 집에만 있으면 몸이 뻐근할 거야 돌아다녀 봐야지,(굴러가는 먼지를 쳐다보고 있다.),밖에 나갈 수 있으니 아침 산책이라도 할까 생각 중이야,(작게 헛기침을 했다. 내 눈치를 보는 듯하다가 이내 고쳐잡았다.),요즘에는 꿈을 자주 꾸는 거 같아. 생각도 나고,(서로 마주 보며 웃는다. 기분이 좋은 듯하다.)
7,하암.. 피곤해,뭘 하려고 그랬지,행복이란 건 뭘까 음..,크게 소리 지르고 싶을 때가 있어 ,아래층에는 요리할 수 있어서 좋은 거 같아. 시켜 먹을 필요가 없으니까,(시선이 느껴져 쳐다봤지만 아무것도 없었다.),요즘 몸이 조금 건강해지는 기분이야,밖으로 나갈 수 있게 되어서 좋기도 하지만 두렵기도 해,즐겁고 행복한 삶을 살면 하루하루 기분이 좋을 거라고 생각해,(손을 내밀자 손을 잡았다. 온기가 느껴진다.)
8,졸리네..,나에게 할 말이라도 있니?,언젠가 비가 그치긴 하겠지 ..언젠가는,(눈이 마주쳤지만 조금 쳐다보고 돌아봤다.),앞쪽 창문과 뒷쪽 창문의 디자인은 같아,언젠가 빛나고 화려한 삶까지는 아니더라도 나에게 가져다주는 작은 행복을 주는 삶을 살고 싶어,예전에는 밥 먹기 귀찮았는데 이제는 삼시 세끼 꼬박 챙겨 먹어,요즘 몸이 조금 건강해지는 기분이야. 밖으로 나가는 것 때문일까,(천천히 자신을 보고 있다.) ,언젠가 사진을 찍고 싶어. 남는 건 사진뿐이다는 말이 있듯이 추억을 보관하고 싶어
9,..계속 그렇게,자고 있을 때 벌레 나오면 무서울 것 같아,내가 밖으로 나갈 수 있는 용기가 생기긴 할까.. 확신이 없어,이런 날씨에는 선크림도 필요 없겠지,사다리 덕분에 위층으로 올라갈 수 있어서 좋아,가전제품이 있지만 전기를 아껴야 하기 때문에 얼마 못 써,위층은 잠자기 좋은 장소인 거 같아 ..아늑해,밖으로 나간다는 것은 작은 모험과도 같아. 무엇이 있을지 모르거든,아이스 아메리카노를 마시다가 어느 순간 얼음밖에 안 남으면 아쉬워,지금 순간이 나에게 하나 뿐인 순간이라서 더 소중한 거 같아
10,어.. 여기 있을 예정이니?,밖에 비가 오는구나,햇빛이 얼마나 밝고 따뜻했을까? 이제는 기억이 희미해져,아플 때 누군가 내 곁에 없다는 것에 익숙해졌어 ..익숙해,Z고층 빌딩에서 산다면 어떤 기분일까?|무서워|정말 높은 곳이기 때문에 무서운 걸까|별로|올라가 본적이 없어서 생각조차 되지도 않아,시간이 벌써 이렇게 갔구나.. 너랑 있으면 시간 가는 줄 모르는 거 같아,아래층은 밥 먹기 좋은 장소야 ..딱 봐도 그렇지,Z내가 아직 못 가본 세상은 얼마나 넓을까?|많이|방이 이렇게 작으니까 밖은 훨씬 넓을 거라고 생각해|조금|생각보다 작을 수도 있겠네 ..음,봄에는 벚꽃을 볼 수 있어서 좋아. 일 년에 한번뿐인 순간이니까,나는 원래 이렇게 수다쟁이가 아니었어. 말수가 적은 편이었지
11,가더라도 말리지 않아,(콜록 콜록) ..신경쓰지마,따뜻하고 부드러운 핫케이크가 먹고 싶어,밤이 되면 세상이 조용해져서 빗소리가 더 강하게 들려와,시간이 벌써 이렇게 흘렀네.. 오늘 하루도 적당히 보낸 거 같아,구름 사이로 작은 햇빛을 본 거 같아 ..꿈이었을까?,오늘은 잠을 푹 자고 싶어 (하품 하는 소리가 난다),음.. 그냥 이것저것 생각하고 있었어,여름이 되면 바다에 놀러 가 수영하면 기분이 좋을 거 같아,사람은 갑자기 변하면 무슨 일 있는 거 아닌가 하고 걱정을 하지. 내 이야기는 아니니까 걱정하지 마
12,뭔가 할 말이라도.. 음,방안에 습기가 차서 매우 불쾌해,Z(말을 걸어 볼까?)|한다|...(반응이 없다.)|안 한다|..? (쳐다보다가 말았다.),자주 시켜 먹으니까 건강이 나빠지는 듯 해,아래층에는 TV가 있어서 덜 지루한 기분이야,Z신문을 자주 읽는 편이니?|읽어|가끔 신문을 보다 보면 내가 모르는 세상에 대해 궁금해져|안 읽어|어려운 용어와 글자가 많아서 손이 가는 편은 아닐거야,목이 마른 데 물을 마셔야겠어. 이따가 마실 생각이야,(팔과 다리를 가볍게 스트레칭하고 있다.),잎이 떨어지고 붉게 물든다면 가을이 찾아온다는 소식이지,친절한 사람은 만나는 것보다 되는 것이 어려워 ..아직도 배울 것이 많아
13,밖에 비가 오는구나,뭔가를 먹고 싶은데 그거조차도 귀찮아,시원한 탄산음료를 마시고 싶어 ,밀가루 음식을 자주 먹으니까 살이 찌는 기분이야,냉장고가 있다면 음식을 보관하겠지 ..더 다양한 음식을 만들 수 있지 않을까,냉장고가 있다면 음식을 보관하겠지 ..더 다양한 음식을 만들 수 있지 않을까,밖으로 나간다는 것은 작은 모험과도 같아,마음속의 보슬비가 맑은 하늘을 보는 그날까지 ..언젠가는,함박눈이 펑펑 내리는 겨울날에 따뜻한 호빵을 먹고 싶어,쳐지는 기분을 떨쳐내기 위해서는 무엇을 해야 좋을까 ..음 어려운 생각이네
14,흐음.. 음..,장마가 끝나기는 할까..? 언젠가는,간지러워서 밑을 봤는데 작은 벌레가 기어가고 있었어..,쓰레기를 버리러 가야하는데 ..나가기 귀찮아,집 안에 식물이 있다면 좀 더 화사한 기분이 들지 않을까 하고 생각해,집 안에 식물이 있다면 좀 더 화사한 기분이 들지 않을까 하고 생각해,Z내가 아직 못 가본 세상은 얼마나 넓을까?|많이|방이 이렇게 작으니까 밖은 훨씬 넓을 거라고 생각해|조금|생각보다 작을 수도 있겠네 ..음,(창문을 쳐다봤다.) ..너도 창문 보는 거 좋아하는구나,매미 소리가 들려오는 어린 시절 여름날이 그리울 때가 있어,누군가 다가오는 것이 싫을 때도 있지만 계속 다가온다면 그것에 익숙해지는 걸까
15,..머리가 무거워,움직이기 귀찮아,여기서 밖에 나가면 뭐가 있을까,오늘도 내일도 온종일 집에만 있을 예정이야 ..언젠가 나가겠지,..언젠가 외출할 수 있는 날이 다가올 거야 ,위층은 잠자기 좋은 장소인 거 같아 ..아늑해,뭉게구름을 본 기억이 점점 희미해져.. 언젠가 볼 수 있겠지,벽지가 깔끔하니 보기 좋은 거 같아. 진작에 그럴 걸 예전에는..,Z(창문을 쳐다보고 있다.) |같이본다|너도 창문을 보는 것을 좋아하는 편이구나|안 본다|창밖을 보면 여러 가지를 볼 수 있어. 나중에 보렴,마음속에 비가 내릴 때도 있겠지만 거부하지 않겠어. 흐린 뒤에는 언젠가 맑은 날이 찾아올 테니까
16,(작은 기침 소리가 난다.),이 비는 언제까지 내릴까.. 그치기는 할까,Z밖에는 나와 같은 사람들이 있을까?|있어|나와 같구나 ..음|없어|그럼 다들 어떤 사람들일까 ..음,(심하게 기침을 한다 ..이내 잠잠해졌다.),생각을 한다는 것은 쉬우면서도 어려운 법이야 ,아래층은 밥 먹기 좋은 장소야 ..딱 봐도 그렇지,음.. 그냥 이것저것 생각하고 있었어,음.. 이따가 외출이나 해볼까 아니면 집에 있을까.. 고민이네,벽지가 깔끔하니 보기 좋은 거 같아. 진작에 그럴 걸 예전에는 왜 안 했을까,Z누군가를 위해 울어준다는 것은 ..좋은 일일까?|좋은 일|함께 눈물을 흘린다면 위로를 더 받는 기분일 수도.. 슬픔을 공유하면 사라지는데 도움이 될 수 있으니까|모르겠어|..나 때문에 눈물이 흐르니까 더 슬플지도 모르겠어. 그래서 더 모르겠어
17,저밖에 뭐가 보이는데,(아무것도 안 하고 있다),작지만 방이 있다는 것이 정말 좋아,위에 먼지가 많이 쌓였어. 언젠가 청소를 해야겠지,지금 밖에 비가 많이 내려서 바깥에 있는 사람들이 힘들 거 같아,가족들이 건강하게 잘 계신다는 것은 좋은 일이야,이제 계속 사 먹는 것보다 뭔가를 만들어서 먹고 싶어,사람은 기분에 따라 행동을 다르게 하지. 좋은 점도 있고 나쁜 점도 있어,나중에 같이 어딘가로 여행가면 ..좋을까,이기심이 마음을 지배할 때도 있지만 떨쳐내려고 노력한다면.. 쉽지는 않지만
18,밖에 저것은 뭘까,밖에 뭐가 보이는 것 같은데 저건 뭘까,비싸긴 해도 뭔가를 사 먹어야겠지,이런 날씨에 우산은 필수야 ..아니면 우비 옷을 입어도 좋고,(크게 재채기를 한 소리가 난다. 다행히 기침은 아닌 듯하다.),잠에서 깨어나 보니 오전이 훌쩍 지나간 적이 있었어,먹구름 사이에 햇빛을 본다면 조금이라도 기분이 좋을 텐데,아침에 일어나서 가볍게 스트레칭을 하면 몸이 가뿐해져,Z어딘가로 여행을 떠난다면 어디로 가는 것이 좋을까|산|어릴 때 산에서 벌레에 물린 기억이 나. 힘들었지만 정상에 도착하면 좋았어|바다|바닷가에서 놀면 시원할거야 ..함께가면 더 좋을지도 몰라,(하늘을 쳐다본다.) 이제 날씨가 맑아도 비가와도 어느 쪽이든 괜찮아
19,(콜록 콜록),몸이 끈적거리는 거 정말 싫어,더 이상 물이 새지 않았으면 좋겠어,방을 다니다가 작은 돌이 밟혔어 ..청소가 덜 된 거 같아,(눈이 마주치자 살짝 눈이 커졌다가 이내 원래 표정으로 돌아왔다.),(어디선가 꼬르륵 소리가 났다) ..크흠,사람은 기분에 따라 행동을 다르게 해,비 오는 소리가 점점 줄어드는 건 기분 탓일까 ..정말이면 좋겠는데,책을 읽다가 고대 유적지를 봤어. 언젠가 구경하러 가고 싶어,Z(작게 흥얼거리는 소리가 난다.) |쳐다본다|..노래 부르지 않았어. 정말이야 (볼이 빨개졌다.)|무시한다|(조금 더 크게 흥얼거리는 듯 하다.)
20,모든 게 귀찮아,내가 밖으로 나갈 용기가 생기긴 할까.. 언젠가는,아침에는 항상 일어나기 귀찮아.. 어째서일까,가끔 천장에서 부스럭 거리는 소리가 나는데 ..뭘까?,라디오에서 가끔 클래식 음악이 나오는데 듣기 좋아,정말 맛있는 음식을 잔뜩 먹어보고 싶어. 건강에는 안 좋겠지만,기름진 음식을 잔뜩 먹고 싶지만 매일 먹으면 건강에 안 좋겠지,사람마다 직접 경험한 것이 다르기에 쉽게 공감하기 어려워. 못 한다고 잘못된 건 아니야,요즘 사람들이 얼굴을 마주 보며 대화하는 시간이 얼마나 될까.. 바쁘게 살아가고 있으니까,의미없는 하루를 보내도 나쁘지 않다고 생각해. 내일이 있으니까
21,사는 게 지루하고 재미없어,손이 좀 시린 거 같아 따뜻한 무언가 필요해,이런 날씨에는 선크림도 필요 없겠지,Z(무엇을 하고 있는지 물어볼까?)|물어본다|..그냥 숨을 쉬고 있어. 숨쉬기 운동|관둔다|(조용히 숨을 쉬고 있다.),(가전제품을 쳐다보고 있다.),미세먼지가 심한 날에는 외출을 자제하는 편이 좋지 ..하지만 사회가 허락하지 않지,요즘에는 천원으로 간식을 사 먹기 힘든 거 같아 ..어릴 때는 안 그랬는데,음..나중에 같이 어딘가로 간다면 ..흐음,시야를 넓힌다는 것은 주어진 과제처럼 어렵고 힘든 일이야,요즘 잠을 자는 게 두렵지 않아. 예전에는 어두운 밤이 찾아오면 두려웠거든
22,요즘 힘이 없어,음.. 있잖아...아니야 아무것도..,밤에 가끔 고양이 소리가 들려와. 앉아있다가는 걸까?,바람이 너무 부니까 벽에서 쿵 소리가 난 적이 있어 ..조금 무서웠지,(하품하다가 눈에 맺힌 눈물을 닦고 있다.),예전에는 마음속의 비가 주룩주룩 내렸다면 요즘은 보슬비처럼 내려와,미세먼지가 심한 날에는 외출을 삼가고 싶어. 이제 건강을 챙기고 싶거든,심장 소리를 듣고 있으면 내가 살아있다는 것을 느낄 수 있어,Z(시선이 느껴진다. 고개를 돌려볼까?)|한다|(눈이 마주치자 살짝 웃었다. 그렇게)|안 한다|..음(짧은 소리가 들린다.),잠을 자면 내일이 찾아온다는 것이 싫었지만 지금은 아니야
23,..휴 (한숨),먹고 싶은 음식은 평생 못 먹겠지,음식을 자주 시켜 먹으니까 건강이 나빠지는 기분이야,이런 날씨에 자전거를 탈 수는 없겠지,(손바닥과 발바닥을 비교하고 있다. 생각보다 작아 보인다.),아침에 일어나는 건 항상 힘들지만 그래도 일어나야지. 하루를 시작하기 위해서는,동네 근처에 24시간 세탁소가 생겨서 좋아,(창밖에서 고양이 소리가 희미하게 난다.),지금 노래를 부른다면 너 말고 들어주는 사람은 없겠지,요리를 하고 난 뒤에 뒷정리한다는 것은 항상 귀찮아 ..이건 안 고쳐지려나
24,여긴 정말 눅눅해,햇빛이 얼마나 밝았고 따뜻했는지.. 이제는 기억이 안 나,밀가루 음식을 자주 먹으니까 살이 찌는 기분이 들어,저번에 창밖으로 커다란 차가 지나가길래 집이 흔들렸어,(피곤해 보이는지 졸고 있다.),아직도 바람에 창문이 흔들리지만 버틸만해,아침에 일어나서 가볍게 스트레칭을 하면 몸이 가뿐해져,Z청소를 자주하는 편이니?|응|나도 이제 청소를 하는 편인데 먼지는 매일 생기니까 어쩔 수 없나 봐|아니|자주하는 것이 힘들면 몰아서 한꺼번에 하는 것도 나쁘지 않을 거 같아,(천장을 따라 시선을 옮기니 거미와 마주쳤다.),먹구름 위에는 해가 반짝이며 우리를 기다리고 있겠지
25,..퀘퀘한 냄새,예전에는 내가 무엇을 하며 지냈는지 기억이 안 나,아침에 새들이 창문에 앉아있다가 가버려,새를 기르고 싶지만 새장에 가둬두고 싶지는 않아. 나도 갇혀있는 건 싫은걸,밤에는 졸릴 때도 있고 안 졸릴 때도 있어,무언가를 기다린다는 것은 나도 그렇고 상대방도 지치게 하는 일이야,(팔을 펴서 스트레칭하고 있다.),지금 살아가는 이 순간은 다시 돌아오지 않으니까 시간은 금이라는 말이 나오는 걸까,요리를 하고 난 뒤에 뒷정리한다는 것은 항상 귀찮아 ..이건 안 고쳐지려나,창밖에 새가 날아가는 소리가 들렸는데 ..기분 탓일까 진짜일까?
26,조금 배고프네,구름은 어디로 하염없이 흘러갈까,아플 때 누군가 내 곁에 없으면 좀 서러워지더라.. 지금은 익숙해졌어,따뜻했던 나날을 기억한다면 어떤 기분이 들지 음..,아침에 일어나는 건 항상 힘들어.. 피곤함과 별개로 말이야,답은 정해져 있지 않기에 틀린 것이 아니라 우린 다른 거야,(다리를 펴서 스트레칭하고 있다.),건조기로 말리는 것도 좋지만 햇빛에 말린다면 더 좋을 거 같아,먹구름 위에는 해가 반짝이며 우리를 기다리고 있겠지,저번에 물을 급하게 먹다가 사레들린 적이 있었어. 더 조심해야겠어
27,목도 좀 마른 것 같기도 하고..,정리하기 귀찮아 ..해야 하는데,혼자가 되었다는 것에 이제는 익숙해 ..정말이야,1년 내내 비는 그치지 않을 거라고 생각해 ..아마도,전에 새벽에 잠깐 잠에서 깨어난 적이 있어 ,세월은 흐르는 강물처럼 절대 멈추지 않기에 지금이 소중하다고 생각해,(목을 좌우로 돌리며 스트레칭하고 있다.),Z신문을 자주 읽는 편이니?|읽어|가끔 신문을 보다 보면 내가 모르는 세상에 대해 궁금해져|안 읽어|어려운 용어와 글자가 많아서 손이 가는 편은 아닐거야,창밖에 새가 날아가는 소리가 들렸는데 ..기분 탓일까 진짜일까?,초콜릿을 먹으면 기분이 좋아져. 달콤함은 스트레스 해소에 도움이 되거든
28,여긴 좀 추운 거 같아,..흐음 뭐하지,예전에 반지하 방에서 살았을 때 비가 너무 많이 와서 물에 잠긴 적이 있어,Z이렇게 하루하루 살아가는 것이 너랑 많이 다를까?|달라|어떻게 하루를 지내는지 궁금하네. 괜찮은 하루였다면..|비슷해|비슷하구나. 그렇다고 나쁘다는 것은 아니야,가끔 내가 꿈을 꾸고 있는 건지 아닌 건지 헷갈릴 때가 있어,항상 필요한 물건을 찾으려면 보이지 않아 ..근처에 있으면 좋을 텐데,지금 살아가는 이 순간은 다시 돌아오지 않으니까..,부엌을 청소해야 하는 것을 생각은 하는데 몸이 잘 안 따르네,저번에 물을 급하게 먹다가 사레들린 적이 있었어. 조심해야겠어,음.. 예전에는 내가 지금 뭐 하고 지냈는지 기억이 안 나. 뭘 했을까..
29,(가만히 넋 놓고 있다.),...비 오네.. 계속..,오늘도 내일도 온종일 집에만 있을 예정이야,(무슨 생각하고 있는지 궁금해졌다.),요새는 미세먼지가 너무 심해. 비가 이렇게 오는데도 말이야,저번에 말했던 여우비에 대해 기억나니? 요즘 다시 보고 싶은 기분이 들어,언젠가 햇빛에 이불을 말릴 수 있으면 좋겠어,아무리 그래도 귀찮음을 떨쳐내는 것은 어려운 일이야,초콜릿을 먹으면 기분이 좋아져. 달콤함은 스트레스 해소에 도움이 되거든,Z밥 먹을 때 채소도 같이 먹는 편이니?|먹어|채소는 몸에 좋으니까 같이 먹으면 더 좋아|안 먹어|건강을 위해서라면.. 먹기 싫어도 채소를 먹어야 해
30,지금 몇 시지,..심심해.. 너무나,(눈이 마주쳤지만 바로 피해버렸다.),혼자가 익숙하게 느껴지면.. 그렇다면 평생 혼자여도 괜찮을까,예전에 인형 뽑기를 한 적이 있는데 ..돈만 날리고 못 뽑았어,5살 때 유치원에서 재롱잔치를 하다 운 기억이 나.. 모두가 날 보고 있어서 무서웠나 봐,마음속의 보슬비가 맑은 하늘을 보는 그날까지 ..언젠가는,책상에 먼지가 있길래 이왕 닦는 거 열심히 닦았어. 미루면 언젠가 해야 하는 일이 되니까,음.. 예전에는 내가 지금 뭐 하고 지냈는지 기억이 안 나,하기 싫은 일을 억지로 하다가는 언젠가 정말 힘든 기분이 몰려올 거야
31,..뭐하지,좀 추운 거 같은데 덮을 거 없나,(눈을 감고 있다. 무언가 생각하는 중인 걸까),(손가락을 쳐다보고 있다. 꼼지락거리고 있다.),반짝이는 돌을 주웠는데 까마귀가 물어갔어,어릴 때 작은 방에서 옹기종기 모여 잤던 기억이 떠올라,부엌을 청소하는 것을 잊었어. 나중에 해야겠어,안 보이는 것에는 그만큼 특별한 이유가 있는 것일까,Z수프를 먹어본 적이 있니?|있어|급식시간에 나오던 따뜻한 수프에 같이 주던 빵을 찍어 먹은 기억이 나|없어|나중에 한번 먹어봐. 모락모락 김이 날 정도로 따뜻하면 맛있어,수면은 사람이 살아가는 데 필요해. 뇌에 휴식을 줘야 하니까
32,..쩝,..목이 조금 아파,종이를 가지고 무엇을 할 수 있을까 ..뭔가를 적을까,(배가 고픈지 배를 쓰다듬고 있다.),새장에 갇힌 새처럼 나도 새장에 갇힌 기분이야,언젠가 햇빛에 이불을 말릴 수 있으면 좋겠어,밤하늘에 별들을 보며 소원을 빌고 싶어,무엇보다도 사람은 건강이 중요하다고 생각해. 몸이 불편하면 힘드니까,하기 싫은 일을 억지로 하다가는 언젠가 정말 힘든 기분이 몰려올 거야,창문에 커튼이 있으니 더 분위기가 있어 보여. 다양하게 장식해도 좋아
33,(손바닥을 보고 있다.),좋은 생각을 할 수가 없어,종이접기는 재밌으면서 뭔가 어려워,벽지가 화사해지면 좋겠어 밝은 톤으로,따뜻했던 나날을 기억한다면 내 마음속의 비가 그쳐질까?,과거의 실수가 있다면 언젠가 바로 잡을 수 있는 날이 왔으면 좋겠어,나에게 없는 소중한 것은 무엇일까,Z라면에 뭔가를 넣어서 먹는 편이니?|응|라면에 떡을 넣어서 먹으면 더 맛있는 거 같아|아니|깔끔하게 기본적인 것만 넣어도 맛있어,수면은 사람이 살아가는 데 필요해. 뇌에 휴식을 줘야 하니까,책상에 뭔가 있어서 봤는데 저번에 버리다 만 종이가 있었어. 바로 치웠지
34,(천장을 바라보고 있다.),학창시절에 대한 추억이 그렇게 좋게 떠오르지 않아,언제까지 있을 예정인지는 모르지만 ..음,벽에 무언가를 붙인다면 붙여져있다면 ..음,요즘은 비가 언젠가 그칠 거라는 믿음이 생겨,만족하지 못하는 삶이라도 ..그래도,혼자인 게 편할 때도 있고 함께라서 좋은 점도 있는 거 같아,어릴 때 시골에서 잠자리채로 벌레를 잡으려고 돌아다닌 기억이 나,창문에 커튼이 있으니 더 분위기가 있어 보여,창문에 비가 두드리는 소리가 나는데 마치 날 부르는 듯한 느낌이야
35,(창밖을 쳐다보고 있다.),사람이 항상 긍정적일 수는 없지,창문이 이제는 흔들리지 않았으면 좋겠어,(왼쪽을 쳐다보다가 오른쪽을 쳐다본다.),나의 하루를 살아가는 삶이 나쁘지 않다는 기분이 들어,나도 모르게 빗소리에 집중하고 있으면 불안감이 사라져가,비 오는 날에 따뜻한 차 한잔과 함께 하루를 보내고 싶어,귀찮은 것을 다 떨쳐내지는 못하지만 언젠가 많이 없어질 거라고 생각해,책상에 뭔가 있어서 봤는데 저번에 버리다 만 종이가 있었어,맑은 날에 잘못 환기하면 미세먼지가 그대로 집 안으로 들어오니 조심해야 해
36,(바닥에 있는 먼지를 보고 있다.),큼.. 감기라도 걸렸나..,밤에 창문이 세차게 흔들릴 때가 있어. 그때 잠에서 깨거든,(인상을 찌푸리다가 이내 표정을 고쳐잡는다.),(생각에 잠긴 듯한 기분이다.),산타클로스는 어딘가에 존재한다고 어릴 때는 믿었었는데 ,좋은 과거는 금방 잊어 ..그래서 사람은 망각의 생물이라고 하나 보다,전에 사전에서 나비 관련을 봤는데 정말 다양하더라,창문에 비가 두드리는 소리가 나는데 마치 날 부르는 듯한 느낌이야,우산은 네가 없는 날에 가끔 펴서 말려. 그러니 걱정하지마
37,뭐라도 해야 하는 걸까,영양가 있는 음식을 먹은 지 얼마나 되었을까,책상에 무엇을 두는 게 좋을까,마음속에서 계속 비가 내리는 기분이야 ,Z만약 사람이 평생 혼자라면 잘못된 것일까?|그렇다|혼자만으로 무리가 있을 수 있으니 언젠가는 함께 다녀야겠지|아니다|요즘에는 혼자 사는 사람이 많아졌으니까 단정 지을 수는 없어,오래간만에 먹고 싶었던 음식을 먹었는데 정신 차리고 보니 꿈이었어 ..아쉬워,나쁜 과거는 그림자처럼 달라붙지.. 쉽게 잊히지 않아,사전에 모르는 정보를 찾아보는 재미가 있지. 아직 모르는 게 많아,이런 날씨에 잘못 환기를 시키면 비바람이 그대로 집 안으로 들어오니 조심해야 해,Z(창문을 쳐다보고 있다.) |같이본다|너도 창문을 보는 것을 좋아하는 구나|안 본다|창밖을 보면 여러 가지를 볼 수 있어. 나중에 보렴
38,정리하기 귀찮아,이대로 있으면..,빗물이 많이 모이면 좋은 일이 생길까,Z지금의 삶에 만족한다는 것이 이상하니?|이상해|..이상하다고 생각하겠지만 그래도 나름 괜찮다고 생각해|아니|이해를 해주는 거라면.. 그런거면..,언젠가 벽지를 화사하게 꾸미는 날이 올 거야,천둥이 치는 날이면 어릴 때 길가에 미동도 없었던 하얀 비둘기가 떠올라,어릴 때 소꿉놀이하며 같이 놀았던 아이가 떠올라,어릴 때 소꿉놀이하며 같이 놀았던 아이가 떠올라. 뭐 하고 지낼까,우산은 네가 없는 날에 가끔 펴서 말려. 걱정하지마,우산은 아무렇게 놓으면 안 돼. 우산꽂이에 있어야 하지
39,(벌레를 보는 중),새콤 달콤한 과일을 먹고 싶어,조용하게 혼자 있을 때가 좋은 거 같아,..내가 힘든 것이 불평불만을 표현하면 무언가 달라질까?,벽이 깔끔한 편이 좋다고 생각해 ..아마도,(가전제품을 쳐다보고 있다.),Z밥 먹을 때 채소도 같이 먹는 편이니?|먹어|채소는 몸에 좋으니까 같이 먹으면 더 좋아|안 먹어|건강을 위해서라면.. 먹기 싫어도 채소를 먹어야 해,Z밥 먹을 때 채소도 같이 먹는 편이니?|먹어|채소는 몸에 좋으니까 같이 먹으면 더 좋아|안 먹어|건강을 위해서라면.. 먹기 싫어도 채소를 먹어야 해,창문이 많이 안정되어서 바람에 흔들리는 일이 거의 없어졌어,식물을 키운다는 것은 인내와 정성이지. 언젠가 꼭 피어나는 것을 아니까
40,한 것도 없는데 지치네..,감기 걸릴 거 같아,혼자가 익숙하게 느껴지면.. 그렇다면 ...,힘들어도 이겨내야만해 ..그래야만 하니까,(왼쪽을 쳐다보다가 오른쪽을 쳐다본다.),(하품하다가 눈에 맺힌 눈물을 닦고 있다.),Z라면에 뭔가를 넣어서 먹는 편이니?|응|라면에 떡을 넣어서 먹으면 더 맛있는 거 같아|아니|깔끔하게 기본적인 것만 넣어도 맛있어,안 본 지 오래된 친구들이 가끔 떠오를 때가 있어. 지금처럼,우산은 아무렇게 놓으면 안 돼. 우산꽂이에 있어야 하지,저번에 통조림을 잘못 까서 부엌 여기저기에 음식물이 묻은 적이 있어. 조심해야겠어
41,머리가 조금 어지러운 것 같아,(손가락으로 원을 그리고 있다.),(손가락을 쳐다보고 있다. 꼼지락거리고 있다.),나는 ... 잘못된 걸까?,(표정이 조금 풀린 것 같다.),(손바닥과 발바닥을 비교하고 있다. 생각보다 작아 보인다.),Z눈을 감고 빗소리를 차분하게 들어봐 |한다|마음이 편해지는 기분이 들지 않니?|안 한다|언제 한번 들어봐. 그럼 마음이 편해질 거야,밤에 잘 잔 거 같아. 머리가 아프거나 어지러운 게 많이 사라졌어,식물을 키운다는 것은 인내와 정성이지. 언젠가 꼭 피어나는 것을 아니까,항상 조심하면서 행동을 하면 무언가 일어나는 일에 대비할 수 있어서 좋겠지
42,(천장에 거미를 보고 있다.),(쳐다보니 눈을 돌린다.),(창밖을 바라보며 한숨을 쉬고 있다.),(눈이 조금 부어보인다..힘들어 보인다.),화면 속에 사람들이 행복한 것처럼 나도 행복한 날이 올까,상자를 뒤지다가 인형을 찾았는데 곰팡이가 잔뜩 피어서 버렸어,먹구름은 크게 나쁘지 않지만 천둥 치면 조금 무서워,천둥이 치기 전에 반짝이면 나도 모르게 긴장을 해. 언제 칠지 모르니까,저번에 통조림을 잘못 까서 부엌 여기저기에 음식물이 묻은 적이 있어. 조심해야겠어,계속 앉아있으니 몸이 뻐근해. 이따가 산책하러 가야겠어
43,(한숨을 쉬자 먼지가 날아간다.),시간이 느리게 가는 것 같아,(배가 고픈지 배를 쓰다듬고 있다.),일부러 조용한 곳으로 이사를 왔어. 편해지고 싶거든,영화를 보러 가기엔 귀찮고 돈도 들어서 가고 싶은 마음은..,밤하늘에 별을 본 지가 ..기억이 나질 않아,(방구석을 한참 쳐다보다가 창문을 바라본다.),(머리를 가볍게 움직이고 있다. 정리를 하고 있는 거 같다.),항상 조심하면서 행동을 하면 무언가 일어나는 일에 대비할 수 있어서 좋겠지,길을 지나가다 듣기 좋은 음악을 들었던 적이 있어. 제목이 뭔지 궁금해
44,(눈을 감고 있다.),(별다른 관심이 없어 보인다.),언젠가 벽지가 깨끗해지는 날이 올까,사람들은 무엇을 하며 살고 있을까 나처럼 사는 사람들이 있을지 궁금해,노래를 들으면 기분이 좋아져 너도 꼭 해봐,명상하기 좋은 날이야 ...너도 눈을 감고 명상해봐,귀찮은 것을 아직 다 떨쳐내지는 못하지만 ..지금보단,창밖에서 가끔 고양이 소리를 들을 때가 있어. 이 근처를 지나가는 걸까,나는 이제 조금은 행복한 삶을 살고 있다고 생각해. 완벽한 삶은 아니어도 상관없지,신나는 노래를 들으면 나도 모르게 어깨가 들썩거려 ..춤까지 추기에는 큼..
45,(먼지를 터는 중),이렇게라도 하면 뭔가 달라지는 걸까,조용한 곳에서 조용히 쉬는 것도 좋을 거라고 생각해,Z이렇게라도 달라진다면 ..무슨 일이 생길까?|응|그런가. 하다 보면 알게 되겠지 ..언젠가는 말이야|아니|그렇다면 의미 없는 시간을 보내는 걸까?,사람들은 틀리다고 말하지만 답은 정해져 있지 않은데..,거울 속의 나를 보면 ..생각을 해볼 필요가 있어,거울에 비친 내 모습을 피해서는 안 돼. 똑바로 바라보는 연습을 해야겠어,Z내 첫인상과 지금 인상이 얼마나 달라졌을까 ..궁금하기도 하고|많이|많이 바뀌었다니 예전에는 어떤 모습으로 보였을지..|조금|적어도 안 바뀐 것은 아니구나 ..음,길을 지나가다 듣기 좋은 음악을 들었던 적이 있어. 제목이 뭔지 궁금해,영어를 배우려고 사전을 폈는데 모르는 단어가 많아서 다시 덮었어
46,방이 흠..,내가 이러고 있는 동안에도 시간은 계속 흘러가는구나,잔잔한 음악을 듣는다면 내 마음이 편해질까,가끔 TV를 보면 거기에 나오는 사람들은 행복해 보여,누군가에게 표현한다면 내 마음이 조금이라도 편해질까,이런 날씨에는 선크림도 필요 없겠지만 언젠가 필요하겠지,배고프면 음식을 먹어야지. 목이 마르면 물을 마시듯이,생각해서 말을 한다는 것은 어려운 일이야. 앞으로도 그렇고,신나는 노래를 들으면 나도 모르게 어깨가 들썩거려 ..춤까지 추기에는 큼..,높은 곳과 낮은 곳은 언제나 차이가 있는 법이야
47,(손을 비비고 있다.),배터리는 충분하니?,(왼쪽을 쳐다보다가 오른쪽을 쳐다본다.),여기에는 보일러가 없어서 물이 차가워,달라지는 날이 온다면 나에게 변하는 무언가 생길 거야,TV 속의 사람들처럼 나에게도 언젠가 행복이 찾아오겠지,밤에 산책하러 나가면 같은 장소라도 낮과는 다른 매력을 가지고 있어,요즘 사람들이 얼굴을 마주 보며 대화하는 시간이 얼마나 될까,영어를 배우려고 사전을 폈는데 모르는 단어가 많아서 다시 덮었어,(주먹을 쥐었다가 피고 있다. 손가락을 풀고 있다.)
48,앗 차가워.. 위에서 물방울이..,뭐라도 해야 하는 걸까,(인상을 찌푸리다가 이내 표정을 고쳐잡는다.),물이 차가운 것에 대해 아직 익숙해지지 않았어 ,사다리를 타다가 새끼발가락을 찍혀서 혼났어 ..정말 아팠어,어릴 때 눈이 무릎까지 쌓일 만큼 온 적이 있었어. 재밌게 놀았었지,행복한 꿈을 꾸는 빈도가 더 늘어나는 거 같아. 좋은 징조인 걸까,시야를 넓힌다는 것은 어렵고 힘든 일이야,더 높은 곳을 쳐다보고 싶어. 더 높이,(작게 하품하다가 눈이 마주치자 눈웃음을 친다.)
49,바닥이 축축한 기분이야,신발이 하나밖에 없어,마음속에서 계속 비가 내리는 기분이야 ,영화를 안 본 지 오래되었어 ..언제였는지 기억이,좋아하는 옷에 구멍이 나면 안타깝더라 ..어쩔 수 없지,어릴 때 시골에서 밤하늘을 쳐다봤는데 은하수를 봤었어 ..물론 그 뒤로 본 적은 없지,Z(어딘가에서 시선이 느껴진다.) |쳐다본다|(시선이 느껴져 쳐다봤다. 나를 보고 있다.)|무시한다|(느껴지는 시선이 이내 사라졌다.),아이들을 보면 언제나 즐거워 보여. 부러운 부분이야,(주먹을 쥐었다가 피고 있다. 손가락을 풀고 있다.),세상에 의미 없는 것은 없어. 자세히 들여다보면 의미가 있을 수 있으니까
50,시간이 느리게 가는 것 같아,밥은 거의 사 먹는 편이야,365일 1년 내내 비는 그치지 않을 거야,전에 잃어버렸던 물건이 여기 어딘가 있었는데..,강아지풀의 촉감은 부들부들해. 가지고 놀면 좀 재밌어,너무 걱정만 하는 것도 좋지 않다는 걸 깨달았어,표현은 서툴지만 조금씩 연습해서 표현한다면..,이불은 언제나 푹신해서 좋아. 집처럼 아늑하고 좋지,(작게 하품하다가 눈이 마주쳤다.),저쪽에 뭔가 지나간 거 같은데 ..음 잘못봤을 거야
51,바닥이 깨끗하진 않구나,(눈을 감고 있다.),나는 이렇게 하루하루 살고 있지 ..너는 어떻게 사는지 모르겠지만,찾으려고 하는 물건을 어디에 두었는지 기억이 안 나,세차게 부는 비바람 말고 잔잔하고 시원한 바람을 원해,병원에 가는 목적이 어떻든 가는 것은 항상 두려워,예전에는 정말 아무것도 하기 싫었는데 ..정말,밖에서 이것저것 경험을 하니까 기분이 좋은 거 같아,의미없는 하루를 보내도 나쁘지 않다고 생각해,(손을 보고 있다.) 생각해봤는데 나는 손이 작은 편인 거 같아. 불편하지는 않아
52,(무언가 들렸지만 알아듣지 못했다.),나를 좀 내버려 뒀으면 좋겠어,따뜻했던 나날을 그리워 하지 않아 ..기억나지 않거든,사람들은 인생을 꽃길만 걸으라는데 나에게는 있을 수 없는 일이야,인생에 찬란한 빛이 들 날이 언젠가는 오긴 할까?,환기를 자주 시켜줘야겠어 ..목이 안 좋아,(작게 헛기침을 했다. 내 눈치를 보는 거 같다.),거리의 사람들을 보면 다들 무엇을 생각하는지 궁금해,Z저쪽에 뭔가 지나간 거 같은데 (생각에 잠겨있다.)|봤다|뭔지 나중에 확인해줘. 나는 ..음|못 봤다|별거 아닐 거라고 생각해 ..아마도,많으면 많을수록 좋다는데 기준이 무엇인가에 따라서 달라져
53,졸리지만 자고 싶지 않아,하염없이 흘러가는 시간..,지금 이렇게 사는 것에 만족하고 있어 ..그 이상은 뭐,인형은 예전에 버렸어 둘 곳이 없었거든,거울 속에 비친 나의 모습을 보면 묘한 기분이 느껴져,비가 꼭 나쁘다는 법은 없는 거 같아,먹구름이 개듯이 내 인생의 먹구름도 언젠가 개는 날이 찾아올 거라 믿어,눈을 마주 보며 대화를 한다는 것은 기본이지만 쉽지 않지,(손을 보고 있다.) 생각해봤는데 나는 손이 작은 편인 거 같아,창밖에 새가 날아가는 소리가 들렸는데 ..기분 탓일까 진짜일까?
54,힘이 없을 때는 뭐하지,뭔가 할 말이라도 있니?,나보다 힘든 사람도 있는데 내가 불평하면 뭐가 달라지겠어,누가 나의 삶을 대신 살아 줬으면 좋겠어 ..정말,저번에 스티커를 붙이다가 실수로 반으로 접어버렸어 ..아깝게 버렸지,Z(무엇을 하고 있는지 물어볼까?)|물어본다|..그냥 숨을 쉬고 있어. 숨쉬기 운동 너도 해봐|관둔다|(조용히 숨을 쉬고 있다.)..?,Z반딧불이를 본 적이 있니?|있어|그렇구나. 책에서 본 것처럼 정말 밝을까 궁금해|없어|나도 반딧불이를 본 적이 없어. 엄청 옛날에는 존재했다는데,어릴 때 본 만화에서 주인공은 시련을 이겨내고 목적을 달성하지 ..나도 언젠가는,많으면 많을수록 좋다는데 기준이 무엇인가에 따라서 달라져,Z신문을 자주 읽는 편이니?|읽어|신문에는 다양한 정보가 담겨있어서 좋아. 종이에 담긴 냄새도 뭔가 좋고|안 읽어|어려운 용어와 글자가 많아서 손이 가는 편은 아닐거야
55,그냥 쉬고 싶어,사는 게 지루하고 재미없어. 늘 그런 거 같아,힘들어도 이겨내라고 주변에서 말하지 .내가 잘못된거고 고치면 된다고,Z삶을 대신할만한 것은 없는 걸까|있어|무엇인지 궁금하네. 한번 찾아볼 수 있을까..|없어|그렇겠지. 삶을 대신 할 것은 없을거야 ..그러니까,Z보조 바퀴 없이 두발 자전거를 탈 수 있니?|있어|나는 자전거를 그렇게 잘 타는 편은 아니라 언젠가 잘 타고 싶어|없어|나랑 같구나. 언젠가 노력하면 잘 탈 수 있을 거야,(위를 쳐다봤다가 다시 아래를 내려다봤다.),아직도 내가 읽기에 어려운 책들이 많아 ..열심히 봐야겠어,대중교통 속에서 사람들은 언제나 작은 화면만 쳐다보고 있지,열대 과일로 만든 주스가 달콤하다던데 언제 한번 마셔보고 싶어,같은 말을 듣더라도 다시 들으면 다른 느낌이 들 때가 있어. 지금도 그렇고
56,,벽지에서 퀘퀘한 냄새가 나는 거 같아,나는 잘못한 것이 있지만 잘못한 것이 없다고 할 수 있어,길 가다가 껌을 밟으면 기분이 정말 안 좋아,해가 떴는데 비가 오는 것을 여우비라고 해. 어릴 때 본 적 있어서 기억하고 있어,비행기를 타면 하늘 위에서 구름을 내려다볼 수 있겠지,(무언가를 할까 말까 망설이고 있다.),빌딩 숲에는 얼마나 많은 사람이 존재할까 궁금해,신문에는 다양한 정보가 담겨있어서 좋아. 종이 냄새도 뭔가 좋고,혹시 비를 내리게 하는 요정이 존재할까 ..상상을 한번 해봤어
57,,(자세를 둥글게 움추리고 있다.),(눈 밑에 다크서클이 얼핏 보인다 ..피곤해 보인다.),바닥이 살짝 기울어져 있는 거 같은데 ..기분탓인가,구름을 보면 그 위를 걸을 수 있을 거 같은데 실제로 그럴 수 없지 ,Z하늘 위를 새처럼 날아다니면 무슨 기분이 들까?|좋은기분|자유롭게 날아다니는 거니까 기분이 좋을지도 모르겠네|나쁜기분|완벽한 새가 아니니까 어떤 일이 벌어질지 모를 거야,밖에 나가면 더 다양한 물건을 살 수 있어서 좋아,평화로운 나날을 보내면 좋겠어. 근심 걱정 없이 평화롭게,같은 말을 듣더라도 다시 들으면 다른 느낌이 들 때가 있어,..맞아 지금 이러고 있을 때가 아니지 움직여야겠어
58,,(어색한 분위기가 흐르고 있다.),(눈이 조금 부어보인다..),푹신한 바닥에서 지내고 싶어,Z하늘 위를 새처럼 날아다니면 무슨 기분이 들까?|좋은기분|자유롭게 날아다니는 거니까 기분이 좋을지도 모르겠네|나쁜기분|완벽한 새가 아니니까 잘 모르겠네,소나기의 구름 색은 왜 까맣게 물들었을까,집에서만 할 수 있다는 것에는 제한이 큰 거 같아. 밖에서도 한다면 더 배가 되겠지,나는 이제 달라졌다고 생각했는데 아직 옛날 버릇이 남아있어,혹시 비를 내리게 하는 요정이..,피곤하면 무엇을 하든 귀찮아져 ..이겨내야겠지
59,,세상은 거의 회색빛이야. 비가 내리고 있으니까,요즘 사람들은 무엇을 하며 살고 있을까 ..궁금해,이불 속은 또 다른 집처럼 너무 푹신하고 포근해,소나기의 구름 색은 왜 까맣게 물들었을까,일이 몰려 있을 때는 잠시 쉬면서 머리를 식히는 편이 좋아,코코넛 열매로 만든 주스가 달콤하다던데 언제 한번 마셔보고 싶어,어쩔 수 없지 라는 말을 하기 전에 생각하거나 고치면 ..음,..맞아 지금 이러고 있을 때가 아니지 움직여야겠어,평화로운 나날을 보내면 좋겠어. 근심 걱정 없이 평화롭게 ..물론 쉽지는 않지만
60,,지금이 즐겁다면 지금보다 시간이 빨리 더 가겠지,얼마나 남았을까 ..오늘 하루 말이야,종이로 무언가를 만든다는 것은 어려운 일이야,일이 몰려 있을 때는 잠시 쉬면서 머리를 식히는 편이 좋아,세월이 멈춰버리면 우리들은 어떻게 될까 ..상상이 안 가,(창문을 쳐다봤다.) 너도 창문 보는 거 좋아하는구나,(조용히 같이 창문을 쳐다보고 있다.. 고요함만이 남아 있다.),피곤하면 무엇을 하든 귀찮아져 ..이겨내야겠지,나는 이제 달라졌다고 생각했는데 아직 옛날 버릇이 남아있어
61,,,저녁노을을 본다고 해도 딱히 아무 생각이 없어,천장에서 먼지가 떨어지는 기분인데 청소를 해야 하나,바쁘게 살아가고 있지만 가끔은 쉬는 편도 좋을 거 같아,추억은 점점 사라져가 고인 빗물이 마르는 것처럼 ..그리움도 희미해져가,비가 항상 나쁘다는 법은 없어. 어딘가에 생명을 주는 일이니까,지금 다시 생각해보면 아직도 네가 있다는 것이 음..,평화로운 나날을 보내면 좋겠어. 근심 걱정 없이 평화롭게,오래간만에 기분 좋은 아침을 보냈어. 내일도 그랬으면 좋겠어
62,,,밤이 되면 빗소리만 들려올 뿐.. 정말 고요한 밤이야,여기에 거울이 없어서 뭔가 아쉬운 기분이야,세월은 흐르는 강물처럼 절대 멈추지 않아,그때 그 시절을 기억하면 좋으면서도 뭔가 슬퍼,무언가를 용기 내서 행동하는 것은 힘든 일이야,Z커피를 마신다면 집에서 마실까 밖에서 마실까|집에서|간단하게 뜨거운 물을 부어서 마시면 집안 가득 향기나서 좋지|밖에서|카페에서 여유롭게 커피를 마셔보고 싶어. 커피 향이 좋으니까,나는 이제 달라졌다고 생각했는데 아직 옛날 버릇이 남아있어,배고플 때 잠을 자면 까먹지만 잠들기가 어려워
63,,,일부러 조용한 곳으로 이사를 왔어,거울 속에 비친 나의 모습을 볼때면 ..음,추억은 잊혀 가는 데 그리워져 가는 건 어쩔 수 없나 봐,Z깔끔하게 정리를 자주 하는 편이니?|자주 해|좋은 습관이라고 생각해. 너저분한 것보다 좋으니까|안 해|나도.. 저번에 정리정돈을 한다고 했는데 아직 덜 했어,누군가가 나를 싫어한다면 나는 어떻게 해야 할까. 아무리 생각해도 어려워,즐거움과 슬픔은 어쩔 수 없이 함께 공존하는 건 피할 수 없나 봐,오래간만에 기분 좋은 아침을 보냈어. 내일도 그랬으면 좋겠어,과자를 먹고 싶은 대로 많이 먹으면 건강에 안 좋을 거야. 적당히 먹어야 해
64,,,마음이 편해지는 날이 오면 좋겠어,머리를 쓰는 일은 어려운 법이야 ..언제나,이제 그때 그 시절이 어렴풋이 기억이 나,영화를 언제 봤는지 기억이 안 나지만 언젠가 보러 가겠어,내가 만약 새가 된다면 온 세상을 여행하고 싶어,점점 나는 지쳐가지만 그래도 이겨내려고 노력하고 있어,햄버거는 불고기만 있는 줄 알았는데 닭고기도 있고 새우도 있더라,어릴 때는 비가 오는 날에 물웅덩이가 고여있는 여기저기를 뛰어다니며 놀았던 기억이 나
65,,,Z이렇게라도 달라진다면 ..무슨 일이 생길까?|응|그런가. 하다 보면 알게 되겠지|아니|그렇다면 의미 없는 시간일까..,스티커를 붙이다가 실수한 적이 있어,옷을 제대로 정리를 하지 않아서 다 꾸겨졌어 ..으,요즘에는 어떤 영화가 개봉했는지 모르겠어,환기를 자주 시켜주니까 목이 좀 괜찮아진 거 같아,허리가 아프면 좀 많이 불편한 거 같아 ..열심히 운동해야겠어,과자를 먹고 싶은 대로 많이 먹으면 건강에 안 좋을 거야,옛날 사람들은 불빛이 없을 때 반딧불이를 모아서 집 안에 불을 밝혔다는데 ..진짜일까?
66,,,잠에 빨리 드는 건 정말 힘든 일이야,안 좋은 꿈은 꾸고 싶지 않아. 너도 그렇겠지,Z정리는 깔끔하게 자주 하는 편이니?|자주 해|좋은 습관이라고 생각해. 너저분한 것보다 좋으니까|안 해|나도.. 저번에 정리정돈을 한다고 했는데 아직 덜 했어,음식을 보면 배고파져.. 이야기할 때도 배고프고,그때 그 시절을 기억하니 슬퍼도 행복했으니 좋은 거 같아,어릴 때 문방구 앞에서 100원짜리 간식을 사 먹은 기억이 나 ..요즘은 이런 가격으로 못 사 먹지만,어릴 때는 비가 오는 날에 시골 마당에서 뛰어다니며 놀았던 기억이 나,저번에 마주쳤던 강아지를 쓰다듬을 기회가 생겼는데 용기가 없어서 그냥 갔었어 ..다음번엔 꼭
67,,,안 좋은 꿈은 꾸고 싶지 않아,새들은 어디에서 비를 피하고 있을까,무서운 영화를 혼자 보는 건 딱 질색이야 ..난 무서운 게 싫어,혼자인 게 편할 때도 있고 함께라서 좋은 점도 있는 거 같아,점점 환경이 개선되고 있는 게 느껴져. 좋은 삶인 걸까,비 오는 날에 음악을 들으면 더 감정이 생기는 기분이야,옛날 사람들은 불빛이 없을 때 반딧불이를 모아서 집 안에 불을 밝혔다는데 ..진짜일까?,청소를 한번 건너뛰었다가 다음날 너무 더러워서 후회한 적이 있어. 역시 바로 청소를 해야해
68,,,세상은 거의 회색빛이야. 비가 내리고 있으니까,너무 오래 고민을 하다가 뭘 고민하고 있었는지 잊어버렸어,혼자인 게 편할 때도 있고 함께라서 좋은 점도 있겠지,비 오는 날에 따뜻한 차 한잔과 함께 하루를 보내고 싶어,창문이 깔끔해지니까 창밖이 잘 보여,노래방에 안 가본 지 오래되었어. 요즘에는 작은 노래방들이 생겼다는데 ,저번에 마주쳤던 강아지를 쓰다듬을 기회가 생겼는데 용기가 없어서 그냥 갔었어 ..다음번엔 꼭,컴퓨터를 자주 한다면 손목이 아프지 않도록 항상 손목 스트레칭을 하는 것을 꼭 잊지 말렴
69,,,집 바깥에 있으면 더축축해 질거야,고양이들은 비가 오면 어디에 있을까,비 오는 날에는 따뜻한 파전과 함께 저녁을 먹고 싶어,좋은 과거는 금방 잊어 ..그래서 사람은 망각의 생물이라고 하나 보다,Z음료수를 자주 마시는 편이니?|응|너무 마시면 건강에 안 좋으니까 뭐든 적당한 게 좋아|아니|나는 과일 음료가 좋아서 가끔 마셔,과일 음료도 좋지만 무엇보다 과일을 먹는 것이 좋지,청소를 한번 건너뛰었다가 다음날 너무 더러워서 후회한 적이 있어,요즘에는 스마트폰이 있으니까 편리한 거 같아. 정보를 쉽게 찾을 수 있어서 좋아
70,,,지금이 즐겁다면 지금보다 시간이 빨리 더 가겠지,집 바깥에 있으면 더 축축해 질거야,추운 날에는 따뜻한 것을 상상하기만 해도 좋아,나쁜 과거는 그림자처럼 달라붙지.. 쉽게 잊히지 않아,행복한 추억이 잊혀가면 슬퍼지는 기분이야 ..잡을 수 없으니까,누군가에서 선물을 주는 것도 받는 것도 기분이 묘하다고 생각해,컴퓨터를 자주 한다면 손목이 아프지 않도록 항상 손목 스트레칭을 하는 것을 꼭 잊지 말렴,오늘이 있기에 내일이 존재하지. 외면해서는 안 돼
71,,,,,음식 이야기를 하면 언제나 배가 고파져 ..뭔가 먹고 싶다,사람은 누구나 잊고 싶은 기억을 가지고 있어 ..물론 나도,(창밖에서 고양이 소리가 희미하게 난다.),비가 그친 뒤의 하늘은 참 맑을 거라고 생각해. 공기도 깨끗하겠지,스마트폰을 너무 오랫동안 쳐다보면 눈 건강에 안 좋아. 가끔 쉬는 것도 좋지,예전에는 당연했던 일이 지금은  소중하다는 것을 다시 한번  느낄 때가 있어
72,,,,,과거가 있기에 현재가 존재한다고 생각해. 좋은 과거든 나쁜 과거든,나는 잘살아가고 있다고 생각해 ..나의 삶은,가슴이 뻥 뚫리는 무언가 없을까. 답답한 마음을 풀 수 있는 곳이라면 어디든,요즘 맛있는 음식을 먹을 수 있으니까 기분이 좋아,오늘이 있기에 내일이 존재하지. 외면해서는 안 돼,네가 오기 전에 한번 청소를 해두긴 했는데 ..저쪽에 먼지는 무시해줘
73,,,,,미래는 어떻게 될지 모르니까 지금의 현재가 소중하다고 생각해,(손등을 쓰다듬다가 깍지를 낀다.),산이든 계곡이든 어디로 여행 간다면 기분이 좋을 거야,겨울에도 아이스크림을 먹을 수 있지만 그다음은 ..음,요즘 잠을 자는 게 두렵지 않아. 예전에는..,밖에서 아이들이 떠드는 소리가 들려 쳐다봤는데 우비를 입고 놀고 있었어. 즐거워 보였어
74,,,,,Z삶을 대신할만한 것은 없는 걸까|있어|무엇인지 궁금하네. 한번 찾아볼 수 있으면 찾아보고 싶어|없어|그렇겠지. 삶을 대신 할 것은 없을거야 ..그럴테니까,스티커를 붙이다가 실수한 적이 있어서 이번엔 잘할 거야,아플 때 혼자 있으니까 더 아픈 느낌이었지 ..네가 있으니까 좀 나은 거 같아,스마트폰을 너무 오랫동안 쳐다보면 눈 건강에 안 좋아. 가끔 쉬는 것도 좋지,네가 오기 전에 한번 청소를 해두긴 했는데 ..저쪽에 먼지는 무시해줘,환절기에는 기온 차가 심해서 감기에 걸리기 쉬워. 그러니 언제나 몸조심하렴
75,,,,,너무 걱정만 하는 것도 좋지 않다는 걸 깨달았어,Z보조 바퀴 없이 두발 자전거를 탈 수 있니?|있어|나는 자전거를 그렇게 잘 타는 편은 아니라 언젠가 잘 타고 싶어|없어|나랑 같구나. 언젠가 노력하면 잘 탈 수 있을 거야,따뜻한 차 한잔을 마시고 싶어. 몸이 더 따뜻해질 거야,얼마 안 남았어. 이제 조금 쉬는 편이 좋다고 생각해,밖에서 아이들이 떠드는 소리가 들려 쳐다봤는데 우비를 쓰고 놀고 있었어. 즐거워 보였어,뭔가를 하기 위해서는 건강이 중요해. 정말 중요하니까 기억해줬으면 좋겠어
76,,,,,,,요리를 연습하다가 살짝 다쳤어. 심한 건 아니지만 조금 아프네,조금만 더 힘내라는 말은 응원할 때 도움이 된다고 생각해,환절기에는 기온 차가 심해서 감기에 걸리기 쉬워. 그러니 언제나 몸조심하렴,저번에 제과점을 지나쳤는데 빵 냄새가 너무 좋았어. 방향제로 쓰고 싶을 정도로
77,,,,,,,하늘을 나는 꿈을 꾸면 실제로 하늘을 날고 싶은 기분이야,누군가에게 신뢰를 준다는 것은 어렵지만 복잡하지,뭔가를 하기 위해서는 건강이 중요해. 정말 중요하니까 기억해줬으면 좋겠어,Z언젠가 인생에 밝은 날이 올 거라고 믿니?|믿어|예전에는 안 믿었는데 요즘 믿어. 비가 개는 날이 오는 것처럼 그런 날이 올 거라고 믿으니까|믿자|확신이 없지만 있을 거라고 믿자. 같이 믿어보는 것도 나쁘지 않다고 생각해
78,,,,,,,(창밖에서 작게 새소리가 들려온다.),감정이나 생각을 속에 담지 말고 표현하는 것도 중요하다고 생각해,저번에 제과점을 지나쳤는데 빵 냄새가 너무 좋았어. 먹고 싶더라,어릴 때는 솜사탕이 구름으로 만들어졌다고 생각했었어. 지금은 아니지만
79,,,,,,,(조용히 빗소리를 감상하고 있다.),배고플 때 음식을 찾아서 먹는 것이 귀찮았는데 요즘은 많이 줄어든 거 같아,(손가락으로 먼지를 가볍게 쓸고 있다.),정전이 되면 지금이나 어릴 때나 항상 무서워. 어둠 속은 아무것도 모르거든
80,,,,,,,비 오는 소리가 점점 줄어드는 건 기분 탓일까 ..정말이면 좋겠는데,밤에 하늘에서 밝은 빛을 봤는데 그게 무엇일까 하고 궁금해,어릴 때는 솜사탕이 구름으로 만들어졌다고 생각했었어 ..지금은 아니야,바다에 놀러 가면 항상 소라를 줍곤 했지. 귀에 가져다 대면 파도 소리를 느낄 수 있었어
81,,,,,,,사람마다 직접 경험한 것이 다르기에 쉽게 공감하지 않지. 나쁜 것이 아니야,요리 연습을 잘하고 있는지 확신이 안 가 ..음 잘하고 있는 거겠지..?,정전이 되면 지금이나 어릴 때나 항상 무서워. 어둠 속은 아무것도 모르거든,꽃이 조금씩 피어나면 곧 다가올 만남이 기대돼
82,,,,,,,음..나중에 같이.. 아니야,손목 스트레칭은 중요한 거야. 손이 아프면 많이 불편하니까,바다에 놀러 가면 항상 소라를 줍곤 했지. 귀에 가져다 대면 파도 소리를 느낄 수 있었어,Z회전목마 타 봤어?|응|어릴 때 부모님과 함께 놀이동산에 갔는데 그때 탔던 화려한 불빛 속의 회전목마가 기억나|아니|쳐다 만 봐도 화려한 게 회전목마인 거 같아. 밤에는 더 화려하니까 한번 보렴
83,,,,,,,나는 잘살아가고 있다고 생각해. 나의 삶은 너와 다르니까 ,세상에는 다양한 음악이 존재해. 나의 취향에 맞는 음악을 찾는 것은 어렵지만,꽃이 조금씩 피어나면 곧 다가올 만남이 기대돼,산책하면 다양한 생명을 만날 수 있어서 좋아. 고양이든 강아지든
84,,,,,,,내가 안 읽어본 책들을 읽어보고 싶어 ,내가 안 읽어본 책들을 읽기 위해서는 도서관에 가는 것이 좋겠지,Z회전목마 타 봤어?|응|어릴 때 부모님과 함께 놀이동산에 갔는데 그때 탄 회전목마가 기억나|아니|쳐다 만 봐도 화려한 게 회전목마인 거 같아,등산은 할 수는 있지만 언제나 힘든 일이야. 다리가 힘든 건 피할 수 없어
85,,,,,,,냄새를 맡았을 때는 맛있을 거 같았는데 직접 먹으니 아닌 음식도 있더라,공원에 가면 가끔 사람들이 강아지와 산책을 하는 모습을 볼 때가 있어,Z동물 중에 강아지 좋아하니?|좋아|산책하다가 작은 강아지를 봤는데 정말 귀여웠어|별로|딱히 좋아하지 않는 사람도 있어. 사람마다 다르니까,표현은 서툴지만 조금씩 연습해서 표현한다면 언젠가 잘 표현하는 날이 오겠지?
86,,,,,,,종이가 있으면 필요한 것을 적을 수 있어서 좋은 거 같아,저번에 길을 가다가 아기와 눈이 마주쳐서 인사했었어,등산하고 싶지만 체력이 부족해서 힘들 거 같아. 체력을 키워야겠어,예전에는 정말 아무것도 하기 싫었는데 요즘은 그런 생각을 안 한 지 오래된 거 같아
87,,,,,,,전단지에 배달음식만 시켜 먹은 게 엊그제 같은데 ..시간이 참,Z더울 때 얼음을 먹어 본 적이 있니?|있어|더운 여름날 얼음을 너무 먹어서 머리가 띵한 적이 있어. 그 후로 조심히 먹지|없어|아무리 더워도 찬 것을 별로 안 먹는 사람도 있지. 팥빙수라면 괜찮을지도?,Z야경에 대해 어떻게 생각하니|좋아|밤에 야경은 언제 봐도 아름다운 거 같아. 금방 싫증 나지 않아|별로|늦은 밤까지 사람들이 계속 있는 거니까 ..보기에는 화려해도,위층은 잠자기 좋은 장소야. 빗소리를 들으며 잠을 자면 잠이 더 잘 오는 기분이 들거든
88,,,,,,,전에 살던 집은 방이 하나였는데 이제 두 개라서 좋아,영어사전에서 봤는데 나비는 영어로 butterfly고 잠자리는 dragonfly라고 불러. 재밌고 신기한 이름이야,비 온 뒤에 무지개를 본 기억이 희미해. 언젠가 보고 싶어,Z예전부터 궁금했는데 나랑 대화하는 게 좋아?|좋아|..좋아해줘서 고마워 ..크흠 용기를 내서 고마움을 말하는 것은 어렵구나|싫어|싫어도 종종 이렇게 찾아와 주는 건 아주 싫다는 것은... 아니라고 믿어
89,,,,,,,과거의 실수가 있다면 언젠가 바로 잡을 수 있는 날이 왔으면 좋겠어,긍정적으로 생각하고 싶다가도 옆에서 부정적인 생각이 같이 떠올라,미세먼지가 심한 날에도 외출하고 싶으면 마스크를 꼭 써야 해,Z잠은 잘 자는 편이니 |잘 자|깊이 잠을 잘 잔다는 것은 다음 날 기분 좋은 하루를 맞이할 수 있어|못 자|잠을 자는 것은 뇌에 휴식을 주는 일이니까 잘 자도록 하렴
90,,,,,,,만족하지 못하는 삶이라도 행복하다면 좋을 거야,세상이 어떻더라도 내가 행복하면 괜찮지 않을까,잠을 잘 자면 몸이 개운해서 좋아. 요즘 그런 날이 많아지고 있어서 더 좋고,목이 마른 데 물을 마셔야겠어. 밖으로 나간다면 주스를 마실 수 있을거야
91,,,,,,,,과거에는 내가 하는 일이 무엇이든 다 해낼 수 있다고 생각했지..,과거에는 내가 하는 일이 무엇이든 다 해낼 수 있다고 생각했어. 의욕이 넘쳤었지,밖으로 나간다는 것은 작은 모험과도 같아. 무엇이 펼쳐져 있을지 모를 때도 있으니까
92,,,,,,,,점점 무언가를 잊어버리면 마지막에 남는 것은 없겠지,당연하다고 생각하는 것이 다른 누군가에게는 아니라는 것을 알게 되었어,Z내가 아직 못 가본 세상은 얼마나 넓을까?|많이|방이 이렇게 작으니까 밖은 훨씬 넓을 거라고 생각해|조금|생각보다 작을 수도 있겠네 ..음
93,,,,,,,,언제나 있다고 생각했는데 어느 순간 사라지고 없어,누가 뭐라고 해도 나는 나야. 하나뿐인 나..,Z솜사탕을 먹어 본 적 있니?|응|솜사탕을 보면 꼭 뭉게구름 같아서 한번 먹어보고 싶어|아니|부드럽고 달콤하다는데 모르겠구나
94,,,,,,,,남들이 뭐라 해도 나는 나여도 괜찮지 않을까,서로가 비교를 할 수는 있지만 비하를 해서는 안 돼,음.. 그냥 이것저것 생각하고 있었어. 가만히 있으면 여러가지가 생각나
95,,,,,,,,삶은 계란이 먹고 싶어. 머리에 부딪혀서 먹는 재미가 있거든,Z커피를 마신다면 달게해서 마시니?|응|달달한 커피는 기분을 좋게 만들어. 그래서 연유나 우유가 들어가면 더 맛있어|아니|본연의 맛을 좋아하면 아무것도 안 넣고 마실 수 있어. 커피의 향이 진하게 느껴지고,파랑은 우울한 색깔이라고 하지만.. 맑고 파란 하늘을 보고 있으면 즐거워
96,,,,,,,,,,Z찜질방에 가본 적 있니?|응|가면 삶은 계란에 식혜를 먹어보고 싶어 ..찜질을 즐기는 것 보다는|아니|이해해. 찜질방에는 사람이 좀 많아서 힘들기도 해
97,,,,,,,,,,서로가 비교를 할 수는 있지만 비하를 해서는 안 돼
98,,,,,,,,,,기름진 음식을 잔뜩 먹고 싶지만 매일 먹으면 건강에 안 좋겠지
99,,,,,,,,,,요즘에는 천원으로 간식을 사 먹기 힘든 거 같아 ..어릴 때는 안 그랬는데
100,,,,,,,,,,많이 개선되었다고 생각하지만 언제나 조심을 해야겠지
101,,,,,,,,,,함박눈이 펑펑 내리는 겨울날에 따뜻한 호빵을 먹으며 난로 앞에 앉고싶어
102,,,,,,,,,,하늘은 파란색만 있는 것이 아니라 색깔이 다양해. 시간과 장소에 따라서 계속 변하지
103,,,,,,,,,,에어컨을 많이 쐬면 머리가 아파져. 뭐든 적당한 것이 좋지
104,,,,,,,,,,도를 넘어서면 관계는 틀어져. 항상 조심히 행동하는 것이 좋지
105,,,,,,,,,,말은 한번 뱉으면 다시 주워 담을 수 없으니 생각하고 또 생각해야 해
106,,,,,,,,,,산책하다가 달팽이를 봤는데 비를 맞고 있어서 그런지 열심히 움직이더라
107,,,,,,,,,,내가 아는 지식은 많이 없어. 그래서 아직도 배울 것도 많고 볼 것도 많아
108,,,,,,,,,,언젠가 영어를 열심히 배워서 자막 없이 영화를 보고 싶어 
109,,,,,,,,,,봄에는 벚꽃을 볼 수 있어서 좋아. 일 년에 한번뿐인 순간이니까 소중한 기분이지
110,,,,,,,,,,여름이 되면 바다든 계곡이든 물놀이를 할 수 있어서 좋다고 생각해
111,,,,,,,,,,잎이 떨어지고 붉게 물든다면 가을이 찾아온다는 소식이지. 더 배고픈 계절이기도 하고
112,,,,,,,,,,함박눈이 펑펑 내리는 겨울날에 따뜻한 호빵을 먹으며 난로 앞에 앉고싶어
113,,,,,,,,,,스마트폰을 너무 오랫동안 쳐다보면 눈 건강에 안 좋아. 가끔 쉬는 것도 좋지
114,,,,,,,,,,영어사전에서 봤는데 나비는 영어로 butterfly고 잠자리는 dragonfly라고 부르는데 재밌어
115,,,,,,,,,,얼음물을 마시면 시원하지만 너무 차가울 때가 있어. 이가 시릴 때도 있고
116,,,,,,,,,,아는 사자성어가 없어서 신문을 보면 유용한 거 같아. 공부가 되는 기분이야
117,,,,,,,,,,헤어지면 언제나 아쉬운 법이야. 그렇다고 계속 미룰 수는 없지
118,,,,,,,,,,때가 되면 언젠가 나와 헤어지는 날이 오겠지. 그날이 와도 서로 괜찮을 거야
119,,,,,,,,,,집안에서 잘 마른 빨래  냄새가 나. 전에는 퀘퀘한 냄새만 났었는데
120,,,,,,,,,,밤에 풀벌레 소리를 들은 적이 있는데 듣기 좋았어. 나도 모르게 잠들었지만
121,,,,,,,,,,라면은 끓일 때가 냄새가 제일 좋은 거 같아. 물론 자주 먹으면 몸에 안 좋아!
122,,,,,,,,,,많은 질문을 하지만 얻는 정보가 없다면 허탕 치는 것일까
123,,,,,,,,,,나는 괜찮아 지금도 이렇게 잘살아가고 있으니까 나쁘지 않지
124,,,,,,,,,,동화책을 읽으면 나도 모르게 동심에 빠지는 기분이야
125,,,,,,,,,,Z청소를 자주하는 편이니?|응|나도 이제 청소를 하는 편인데 먼지는 매일 생기니까 어쩔 수 없나 봐|아니|자주하는 것이 힘들면 몰아서 한꺼번에 하는 것도 나쁘지 않을 거 같아
126,,,,,,,,,,일부 가구들은 집어넣을 수 있으니까 편한 거 같아
127,,,,,,,,,,너보다 힘든 사람이 많다는 위로의 말은 도움이 될 수 없지
128,,,,,,,,,,상처가 많이 아물었다고 생각해. 외적으로든 내적으로든 말이야
129,,,,,,,,,,풍선을 띄우고 싶어. 손에 들고 있으면 좋을 거 같아
130,,,,,,,,,,가끔 연락은 하고 살아가면 관계가 유지되지만 힘든 일이야
131,,,,,,,,,,맞춤법을 완벽하게 외운다는 것은 어려운 일이야. 그래도 노력을 해야겠지
132,,,,,,,,,,너랑 대화하면 시간 가는 줄 모르겠어 ..좋다는 소리야
133,,,,,,,,,,할 수 있다는 말은 마치 주문과도 같아. 다짐하는 것은 어렵거든
134,,,,,,,,,,빵 굽는 냄새가 정말 좋아. 없던 식욕도 다시 생기게 해
135,,,,,,,,,,어릴 때 물가에서 물놀이를 하고 쉬었을 때 햇살이 따뜻했던 기억이 나
136,,,,,,,,,,졸리면 잠시 자도록 해. 쉬거나 편하게 있는 게 좋지
137,,,,,,,,,,지금 이 평화로움이 유지되어 깨지지 않았으면 좋겠어 ..부디
138,,,,,,,,,,(어깨에 체온이 느껴져 쳐다보니 기대고 있다.)
139,,,,,,,,,,(입맛을 다시고 있다. 뭔가를 생각하나 보다.)
140,,,,,,,,,,(발을 쳐다본다.) 손도 작은데 발도 작구나 ..쩝
141,,,,,,,,,,나는 누군가에게는 평범한 삶이라고 말할 수 있지 ..아닐 수도 있고
142,,,,,,,,,,항상 무언가를 생각하는 것은 어려운데 요즘 편해지는 기분이야
143,,,,,,,,,,배고픈데 뭐라도 만들어 먹을까 아니면 사 먹을까 ..고민이네
144,,,,,,,,,,..나는 감정에 솔직한 편이 아니어서 ..너에게 고맙다고는 (고개를 돌렸다.)
145,,,,,,,,,,사랑은 어려운 과제야. 나 자신부터 사랑하는 법을 배워야 해
146,,,,,,,,,,(기침 소리가 난다.) 아 먼지가 입안에 들어갔어. 이제는 괜찮아
147,,,,,,,,,,(눈이 마주쳤다.) 지금 보니까 정말 우리는 다르게 생겼구나. 나쁜 뜻은 절대 아니야!
148,,,,,,,,,,밖으로 나가는 것을 두려워했는데 이제는 그렇지 않아
149,,,,,,,,,,기분 좋은 생각을 하면 하루가 기분이 좋아져
150,,,,,,,,,,조명이 밝으면 눈이 부셔서 제대로 못 쳐다봐. 조금 꺼두는 것도 좋지
151,,,,,,,,,,어디서 들었는데 비 오는 날에 전을 먹는 이유는 빗소리가 전 부치는 소리와 비슷해서 그렇다더라
152,,,,,,,,,,라디오에서 가끔 클래식 음악이 나오는데 듣기 좋아
153,,,,,,,,,,"영화의 제목처럼 세상에는 좋은 사람과 나쁜 사람, 그리고 이상한 사람이 공존하는 거 같아"
154,,,,,,,,,,아래층에는 요리할 수 있어서 좋은 거 같아. 내 맘대로 음식을 만들 수 있으니까
155,,,,,,,,,,Z고층 빌딩에서 산다면 어떤 기분일까?|무서워|정말 높은 곳이기 때문에 바람이 불 때 흔들릴까 궁금해. 아니면 좋겠어|별로|올라가 본 적이 없어서 생각조차 되지도 않아
156,,,,,,,,,,누가 뭐라고 해도 나는 나야. 하나뿐인 나를 대신할 것은 없어
157,,,,,,,,,,어릴 때 눈이 무릎까지 쌓일 만큼 온 적이 있었어. 재밌게 놀았었지
158,,,,,,,,,,어린시절 시골에서 밤하늘을 쳐다봤는데 은하수를 봤었어 ..물론 그 뒤로 본 적은 없지
159,,,,,,,,,,비에게 나쁜 면도 있겠지만 어딘가에 생명이 살아가기 위해서는 꼭 필요해
160,,,,,,,,,,지금 살아가는 이 순간은 다시 돌아오지 않으니까 시간은 금이라는 말이 나오는 걸까
161,,,,,,,,,,과거에는 내가 하는 일이 무엇이든 다 해낼 수 있다고 생각했어. 의욕이 넘쳤었지
162,,,,,,,,,,당연하다고 생각하는 것이 다른 누군가에게는 아니라는 것을 알게 되었어
163,,,,,,,,,,Z더울 때 얼음을 먹어 본 적이 있니?|있어|더운 여름날 얼음을 먹다가 머리가 띵한 적이 있어|없어|그냥 얼음이 별로라면 팥빙수를 먹어도 좋을 거 같아
164,,,,,,,,,,(자세를 움츠리지 않기 위해 노력하고 있다.)
165,,,,,,,,,,(편안한 분위기만이 방안에 흐르고 있다.)
